"ID","WindForce","CLIWOC.Class","Beaufort","mps"
"1","","9",NA,NA
"2","0","1","0","0"
"3","1","1","1","1"
"4","10","4","10","26.7999992"
"5","11","4","11","30.8999996"
"6","12","4","12","35"
"7","2","2","2","2.5999999"
"8","3","2","3","4.5999999"
"9","4","2","4","6.69999981"
"10","5","3","5","9.30000019"
"11","6","3","6","12.3000002"
"12","7","3","7","15.3999996"
"13","8","4","8","19"
"14","9","4","9","22.6000004"
"15","aangename koelte","2","2","2.5999999"
"16","aanhoudend","8",NA,NA
"17","aanhoudende flauwe koelte","2","2","2.5999999"
"18","aanhoudende stijve koelte","3","6","12.3000002"
"19","aanhoudende storm","4","10","26.7999992"
"20","aannemend","8",NA,NA
"21","aannemend bramzeilskoelte","2","3","4.9000001"
"22","aannemend flauwe koelte","2","2","2.9000001"
"23","aannemend koelte","2","2","2.9000001"
"24","aannemend stijve gereefde marszeilskoelte","3","6","13.1000004"
"25","aannemend storm","4","10","27.3999996"
"26","aannemend van wind","8",NA,NA
"27","aannemend wind","8",NA,NA
"28","aannemende","8",NA,NA
"29","aannemende bramzeilskoelte","2","3","4.9000001"
"30","aannemende buiige bramzeilskoelte","2","3","4.9000001"
"31","aannemende coelte","2","2","2.9000001"
"32","aannemende dichtgereefde marszeilskoelte","3","7","16.2999992"
"33","aannemende dichtgereefde onderzeilskoelte","4","10","27.3999996"
"34","aannemende dubbelgereefde marszeilskoelte","3","6","13.1000004"
"35","aannemende flauwe bramzeilskoelte","2","3","4.9000001"
"36","aannemende flauwe koelte","2","2","2.9000001"
"37","aannemende frisse bramzeilskoelte","2","3","4.9000001"
"38","aannemende frisse gereefde marszeilskoelte","3","5","10"
"39","aannemende frisse marszeilskoelte","2","4","7.30000019"
"40","aannemende gemene bramzeilskoelte","2","3","4.9000001"
"41","aannemende gemene koelte","2","2","2.9000001"
"42","aannemende gereefde marszeilskoelte","3","5","9.30000019"
"43","aannemende harde koelte","3","7","16.2999992"
"44","aannemende harde wind","3","7","16.2999992"
"45","aannemende koelte","2","2","2.9000001"
"46","aannemende kouwe","2","2","2.9000001"
"47","aannemende kracht","8",NA,NA
"48","aannemende labber bramzeilskoelte","2","3","4.9000001"
"49","aannemende labberkoelte","2","2","2.9000001"
"50","aannemende lichte koelte","2","3","4.9000001"
"51","aannemende marszeilskoelte","2","4","7.30000019"
"52","aannemende mooie bramzeilskoelte","2","3","4.9000001"
"53","aannemende onderzeilskoelte","4","8","19.7999992"
"54","aannemende ongestadige bramzeilskoelte","2","3","4.9000001"
"55","aannemende ongestadige gereefde marszeilskoelte","3","5","10"
"56","aannemende ongestadige koelte","2","2","2.9000001"
"57","aannemende ongestadige marszeilskoelte","2","4","7.30000019"
"58","aannemende ongestadige stijve bramzeilskoelte","2","4","7.30000019"
"59","aannemende stijve bramzeilskoelte","2","4","7.30000019"
"60","aannemende stijve dubbelgereefde marszeilskoelte","3","6","13.8000002"
"61","aannemende stijve gereefde marszeilskoelte","3","6","13.1000004"
"62","aannemende stijve koelte","3","6","13.1000004"
"63","aannemende stijve kouwe","3","6","13.1000004"
"64","aannemende stijve marszeilskoelte","3","5","10"
"65","aannemende stijve onderzeilskoelte","4","9","23.5"
"66","aannemende stijve ongestadige marszeilskoelte","3","5","10"
"67","aannemende stijve wint","3","6","13.1000004"
"68","aannemende storm","4","10","27.3999996"
"69","aannemende van wind","8",NA,NA
"70","aannemende vliegende storm","4","10","25.5"
"71","aannemende wind","8",NA,NA
"72","aannemende zeer flauwe koelte","1","1","1.20000005"
"73","aannemende zware stormbuien","4","9","23.5"
"74","aanwakkerend","8",NA,NA
"75","aanwakkerend koelte","2","2","2.9000001"
"76","aanwakkerend koeltje","2","2","2.9000001"
"77","aanwakkerende","8",NA,NA
"78","aanwakkerende bovenbramzeilskoelte","2","2","2.9000001"
"79","aanwakkerende bramzeilskoelte","2","3","4.9000001"
"80","aanwakkerende briesjes","1","1","1.20000005"
"81","aanwakkerende flauwe bramzeilskoelte","2","3","4.9000001"
"82","aanwakkerende flauwe koelte","2","2","2.9000001"
"83","aanwakkerende frische bramzeilskoelte","2","3","4.9000001"
"84","aanwakkerende gereefde marszeilskoelte","3","5","10"
"85","aanwakkerende gestadige koelte","2","2","2.9000001"
"86","aanwakkerende koelte","2","2","2.9000001"
"87","aanwakkerende lichte koelte","1","1","1.20000005"
"88","aanwakkerende lucht","8",NA,NA
"89","aanwakkerende marszeilskoelte","2","4","7.30000019"
"90","aanwakkerende ongestadige koelte","2","2","2.9000001"
"91","aanwakkerende ongestadige koeltes","2","2","2.9000001"
"92","aanwakkerende passaat","2","4","7.30000019"
"93","aanwakkerende stijve bramzeilskoelte","2","4","7.30000019"
"94","aanwakkerende wind","8",NA,NA
"95","aanwakkerende wint","8",NA,NA
"96","aasemie","2","2","2.5999999"
"97","af- en aannemende koelte","8",NA,NA
"98","afbuiende koelte","8",NA,NA
"99","afbuigend","8",NA,NA
"100","afflaauwende stijve bramzeilskoelte","2","4","6.0999999"
"101","afflauwend","8",NA,NA
"102","afflauwende koelte","2","2","2"
"103","afnemend","8",NA,NA
"104","afnemend bramzeilskoelte","2","3","4"
"105","afnemend gereefde marszeilskoelte","3","5","8.69999981"
"106","afnemend marszeilskoelte","2","4","6.0999999"
"107","afnemend ongestadige koelte","2","2","2"
"108","afnemend stormweer","4","9","21.7000008"
"109","afnemend van gereefde marszeilskoelte","3","5","8.69999981"
"110","afnemend van wind","8",NA,NA
"111","afnemende","8",NA,NA
"112","afnemende bovenbramzeilskoelte","2","2","2"
"113","afnemende bramzeilskoelte","2","3","4"
"114","afnemende coelte","2","2","2"
"115","afnemende couwe","2","2","2"
"116","afnemende dichtgereefde koelte","8",NA,NA
"117","afnemende dichtgereefde marszeilskoelte","3","7","14.6999998"
"118","afnemende dubbelgereefde marszeilskoelte","3","6","11.6000004"
"119","afnemende en aannemende koeltes","8",NA,NA
"120","afnemende flauwe bramzeilskoelte","2","3","4"
"121","afnemende flauwe koelte","2","2","2"
"122","afnemende frisse bramzeilskoelte","2","3","4"
"123","afnemende frisse koelte","2","2","2"
"124","afnemende frisse marszeilskoelte","2","4","6.0999999"
"125","afnemende gemene bramzeilskoelte","2","3","4"
"126","afnemende gemene koelte","2","2","2"
"127","afnemende gemene labberkoelte","2","2","2"
"128","afnemende gereefde koelte","2","3","4"
"129","afnemende gereefde marszeilskoelte","3","5","8.69999981"
"130","afnemende gereefde onderzeilskoelte","4","9","21.7000008"
"131","afnemende harde wind","3","7","14.6999998"
"132","afnemende koelte","2","2","2"
"133","afnemende koelten","2","2","2"
"134","afnemende koeltens","2","2","2"
"135","afnemende koeltes","2","2","2"
"136","afnemende labberkoelte","2","2","2"
"137","afnemende lichte koelte","2","3","4"
"138","afnemende lucht","2","2","2"
"139","afnemende marszeilskoelte","2","4","6.0999999"
"140","afnemende onderzeilskoelte","4","8","18.1000004"
"141","afnemende ongestadige koelte","2","2","2"
"142","afnemende ongestadige stijve marszeilskoelte","3","5","8.69999981"
"143","afnemende rondgaande koelte","8",NA,NA
"144","afnemende stijfgereefde marszeilskoelte","3","5","8.69999981"
"145","afnemende stijve bramzeilskoelte","2","4","6.0999999"
"146","afnemende stijve gereefde marszeilskoelte","3","6","11.6000004"
"147","afnemende stijve gereefde onderzeilskoelte","4","10","25.5"
"148","afnemende stijve koelte","3","6","11.6000004"
"149","afnemende stijve marszeilskoelte","3","5","8.69999981"
"150","afnemende storm","4","10","25.5"
"151","afnemende stormbuien","4","9","21.7000008"
"152","afnemende van storm","4","10","25.5"
"153","afnemende wind","8",NA,NA
"154","afnemende zeer flauwe koelte","1","1","0.600000024"
"155","afruimende koelte","2","2","2"
"156","afschonende labberkoelte","2","2","2"
"157","afstillende","8",NA,NA
"158","afwerkende marszeilskoelte","2","4","6.0999999"
"159","afwisselend","8",NA,NA
"160","afwisselend licht","8",NA,NA
"161","afwisselend ongestadig","8",NA,NA
"162","afwisselende koelte","8",NA,NA
"163","al de zeilen bij","2","2","2.5999999"
"164","bedaard van koelte","8",NA,NA
"165","bedaarde wind","8",NA,NA
"166","bedarend van storm","4","10","25.5"
"167","beqaume koelte","2","2","2.5999999"
"168","bestendig","8",NA,NA
"169","bestendig varierende","8",NA,NA
"170","bijna doodstil","1","1","1"
"171","bijna stil","1","1","1"
"172","bijna zonder","1","1","1"
"173","bijzonder ongestadige bramzeilskoelte","2","3","4.5999999"
"174","bijzonder ongestadige koelte","2","2","2.5999999"
"175","black stil","1","0","0"
"176","blackstill","1","0","0"
"177","bladstil","1","0","0"
"178","blakstil","1","0","0"
"179","boven bramzeilskoelte","2","2","2.5999999"
"180","bovenbramzeilskoelte","2","2","2.5999999"
"181","bovenmarszeilskoelte","3","5","9.30000019"
"182","bovenste bramzeilskoelte","2","2","2.5999999"
"183","bramzeilen getopt","2","3","4.9000001"
"184","bramzeilskoelte","2","3","4.5999999"
"185","bramzijlskoelte","2","3","4.5999999"
"186","brave bramzeilskoelte","2","3","4.5999999"
"187","brave koelte","2","2","2.5999999"
"188","brave marszeilskoelte","2","4","6.69999981"
"189","briesie","1","1","1"
"190","briesje","1","1","1"
"191","buien van wind","8",NA,NA
"192","buiig weer","8",NA,NA
"193","buiige","8",NA,NA
"194","buiige bramzeilskoelte","2","3","4.5999999"
"195","buiige gereefde marszeilskoelte","3","5","9.30000019"
"196","buiige koelte","2","2","2.5999999"
"197","buiige wind","2","2","2.5999999"
"198","buijig van wind","8",NA,NA
"199","buijige flauwe koelte","1","1","1"
"200","buijige koelte","2","2","2"
"201","coeltje","2","2","2.5999999"
"202","de storm geweldig aannemende","4","10","27.3999996"
"203","de wind verhefte zich zeer","8",NA,NA
"204","dichtgereefd","8",NA,NA
"205","dichtgereefde marszeilskoelte","3","7","15.3999996"
"206","dichtgereefde onderzeilskoelte","4","10","26.7999992"
"207","digtgereefde marszeilskoelte","3","7","15.3999996"
"208","dikke gereefde marszeilskoelte","3","7","15.3999996"
"209","dobbelde gereefde marszeilskoelte","3","6","12.3000002"
"210","dood stil","1","0","0"
"211","dood stilte","1","0","0"
"212","doodstil","1","0","0"
"213","doodstilletjes","1","0","0"
"214","doodstilte","1","0","0"
"215","doorgaande bovenbramzeilskoelte","2","2","2.5999999"
"216","doorgaande bramzeilskoelte","2","3","4.5999999"
"217","doorgaande frische koelte","3","5","9.30000019"
"218","doorgaande gestadige ligte koelte","2","3","4.5999999"
"219","doorgaande gestadige stijve bramzeilskoelte","2","4","6.69999981"
"220","doorgaande koelte","2","2","2.5999999"
"221","doorgaande stijve koelte","3","6","12.3000002"
"222","doorkomend flauw briesje","1","1","1"
"223","doorkomend koelte","2","2","2"
"224","doorkomend zuchtje","1","1","1"
"225","doorkomende flaauwe zuchtjes","1","1","1"
"226","doorkomende frisse koelte","1","1","1"
"227","doorkomende koelte","2","2","2.5999999"
"228","doorkomende landwind","8",NA,NA
"229","doorkomende lichte koelte","2","3","4.5999999"
"230","doorkomende zuchtjes","1","1","1"
"231","doorstaande gereefde marszeilskoelte","3","5","9.30000019"
"232","doorstaande marszeilskoelte","2","4","6.69999981"
"233","doorstaande passaat","2","4","7.30000019"
"234","doorstaande storm","4","10","26.7999992"
"235","doostil","1","0","0"
"236","dootstil","1","0","0"
"237","drey winden","8",NA,NA
"238","drie reven in de marszeilen","3","7","15.3999996"
"239","driedubbelgereefde marszeilskoelte","3","7","15.3999996"
"240","dringende koelte","8",NA,NA
"241","dubbel betrokken marszeilskoelte","3","6","12.3000002"
"242","dubbelde gereefde marszeilskoelte","3","6","12.3000002"
"243","dubbeldegereefde marszeilskoelte","3","6","12.3000002"
"244","dubbele gereefde marszeilskoelte","3","6","12.3000002"
"245","dubbele marszeilskoelte","3","6","12.3000002"
"246","dubbelegereefde marszeils","3","6","12.3000002"
"247","dubbelgereefd","8",NA,NA
"248","dubbelgereefde bramzeilskoelte","3","5","9.30000019"
"249","dubbelgereefde koelte","3","5","9.30000019"
"250","dubbelgereefde marszeilskoelte","3","6","12.3000002"
"251","dubbelgereefde onderzeilskoelte","4","9","23.5"
"252","een luchtje","2","2","2.5999999"
"253","een lugtje","2","2","2.5999999"
"254","een weinig afnemende koelte","2","2","2"
"255","een weinig bedaard","8",NA,NA
"256","een weinig handzamer van wind","8",NA,NA
"257","een weinig ongestadig","8",NA,NA
"258","een weinig toenemende bramzeilskoelte","2","3","4.9000001"
"259","een weinig toenemende flauwe koelte","1","1","1.20000005"
"260","eenigzints handzamer weer","8",NA,NA
"261","egale koelte","2","2","2.5999999"
"262","engere marszeilskoelte","2","4","6.69999981"
"263","enigszins afnemende bramzeilskoelte","2","3","4"
"264","enigszins flauwtjes","1","1","1"
"265","enigszins handzamer van wind","8",NA,NA
"266","enkelgereefde marszeilskoelte","3","5","9.30000019"
"267","exelente gelegenheid","8",NA,NA
"268","extra goede wind","8",NA,NA
"269","fabel","2","2","2.5999999"
"270","felle","8",NA,NA
"271","felle stormbuien","4","9","22.6000004"
"272","felle wind","8",NA,NA
"273","fijne gereefde marszeilskoelte","3","5","9.30000019"
"274","fikse bovenbramzeilskoelte","2","2","2.9000001"
"275","fikse bramzeilskoelte","2","3","4.5999999"
"276","fikse koelte","2","2","2.9000001"
"277","firment","8",NA,NA
"278","flaauw","1","1","1"
"279","flaauwe bramzeilskoelte","2","3","4.5999999"
"280","flaauwe koelte","2","2","2.5999999"
"281","flaauwe zuchtjes","1","1","1"
"282","flauw","1","1","1"
"283","flauw aanwakkerende koelte","2","2","2.9000001"
"284","flauw afnemend","1","1","0.600000024"
"285","flauw briesje","1","1","1"
"286","flauw doorkomend","1","1","1"
"287","flauw doorkomende aanwakkerende koelte","1","1","1.20000005"
"288","flauw koelte","1","1","1"
"289","flauw koeltjes","1","1","1"
"290","flauw luchtje","1","1","1"
"291","flauw ongestadig","1","1","1"
"292","flauw zogge","1","1","1"
"293","flauw zuchtje","1","1","1"
"294","flauw zugtje","1","1","1"
"295","flauwe","2","3","4.9000001"
"296","flauwe aannemende bramzeilskoelte","2","3","4.5999999"
"297","flauwe aannemende koelte","2","2","2.9000001"
"298","flauwe aanwakkerende bramzeilskoelte","2","3","4.5999999"
"299","flauwe aanwakkerende koelte","2","2","2.9000001"
"300","flauwe afnemende bramzeilskoelte","2","3","4.5999999"
"301","flauwe afnemende koelte","2","2","2"
"302","flauwe afwisselende koelte","2","2","2.5999999"
"303","flauwe bovenbramzeilskoelte","2","2","2"
"304","flauwe bovenste bramzeilskoelte","2","2","2"
"305","flauwe bramzeilskoelte","2","3","4.5999999"
"306","flauwe bries","1","1","1"
"307","flauwe buiige koelte","1","1","1"
"308","flauwe doorkomende koelte","1","1","1"
"309","flauwe doorkomende zeewind","8",NA,NA
"310","flauwe gemene bramzeilskoelte","2","3","4.5999999"
"311","flauwe gereefde marszeilskoelte","3","5","8.69999981"
"312","flauwe koelte","1","1","1"
"313","flauwe koelte aanwakkerende","1","1","1.20000005"
"314","flauwe koelten","1","1","1"
"315","flauwe koeltens","1","1","1"
"316","flauwe koeltes","1","1","1"
"317","flauwe koeltie","1","1","1"
"318","flauwe koeltje","1","1","1"
"319","flauwe koeltjes","1","1","1"
"320","flauwe labbere bramzeilskoelte","2","2","2.5999999"
"321","flauwe labberkoelte","2","2","2"
"322","flauwe luchtjes","1","1","1"
"323","flauwe marszeilskoelte","2","4","6.0999999"
"324","flauwe onderzeilskoelte","4","8","18.1000004"
"325","flauwe ongestadige bramzeilskoelte","2","3","4"
"326","flauwe ongestadige koelte","1","1","1"
"327","flauwe ongestadige luchtjes","1","1","1"
"328","flauwe passaatkoelte","2","4","6.0999999"
"329","flauwe passeerende koelte","1","1","1"
"330","flauwe stil","1","1","0.600000024"
"331","flauwe wind","2","2","2.5999999"
"332","flauwe zuchtjes","1","1","1"
"333","flauwelijk","1","1","1"
"334","flauwte","1","1","1"
"335","flauwtjes","1","1","1"
"336","flinke bovenbramzeilskoelte","2","2","2.9000001"
"337","forse bramzeilskoelte","2","3","4.5999999"
"338","forse koelte","2","2","2.9000001"
"339","fraaie koelte","2","2","2.5999999"
"340","fris","8",NA,NA
"341","frische aanwakkerende koelte","1","1","1.20000005"
"342","frische bovenbramzeilskoelte","2","2","2.9000001"
"343","frische bramzeilskoelte","2","3","4.5999999"
"344","frische gereefde marszeilskoelte","3","5","10"
"345","frische koelte","1","1","1"
"346","frische ligte koelte","1","1","0.600000024"
"347","frisse aannemende bramzeilskoelte","2","3","4.5999999"
"348","frisse aannemende koelte","2","2","2.5999999"
"349","frisse aannemende marszeilskoelte","2","4","7.30000019"
"350","frisse aanwakkerende koelte","1","1","1.20000005"
"351","frisse afnemende bramzeilskoelte","2","3","4.5999999"
"352","frisse afnemende koelte","1","1","0.600000024"
"353","frisse afnemende marszeilskoelte","2","4","6.0999999"
"354","frisse bovenbramzeilskoelte","2","2","2.9000001"
"355","frisse bramzeils","2","3","4.9000001"
"356","frisse bramzeilskoelte","2","3","4.9000001"
"357","frisse bries","8",NA,NA
"358","frisse coelten","2","2","2.9000001"
"359","frisse dubbelgereefde marszeilskoelte","3","6","13.1000004"
"360","frisse flauwe bramzeilskoelte","2","3","4.9000001"
"361","frisse gemene bramzeilskoelte","2","3","4.9000001"
"362","frisse gemene koelte","2","2","2.9000001"
"363","frisse gemene marszeilskoelte","2","2","2.9000001"
"364","frisse gereefde bramzeilskoelte","2","4","6.69999981"
"365","frisse gereefde koelte","2","2","2.5999999"
"366","frisse gereefde marszeils couwe","3","5","10"
"367","frisse gereefde marszeilskoelte","3","5","10"
"368","frisse getopte marszeilskoelte","3","5","10"
"369","frisse koelte","1","1","1"
"370","frisse koelten","1","1","1"
"371","frisse koeltens","1","1","1"
"372","frisse koeltes","1","1","1"
"373","frisse labber","2","2","2.5999999"
"374","frisse labber bramzeilskoelte","2","3","4.5999999"
"375","frisse labberkoelte","2","2","2.5999999"
"376","frisse lichte koelte","1","1","1"
"377","frisse marszeils couwe","2","4","6.69999981"
"378","frisse marszeilskoelte","2","4","6.69999981"
"379","frisse onderzeilskoelte","4","8","19.7999992"
"380","frisse ongestadige bramzeilskoelte","2","3","4.9000001"
"381","frisse ongestadige gereefde marszeilskoelte","3","5","10"
"382","frisse ongestadige koelte","2","2","2.9000001"
"383","frisse ongestadige marszeilskoelte","2","4","6.69999981"
"384","frisse passaat","2","4","6.69999981"
"385","frisse passaat wind","2","4","6.69999981"
"386","frisse passaatkoelte","2","4","6.69999981"
"387","frisse stijve bramzeilskoelte","2","4","7.30000019"
"388","frisse stijve gereefde marszeilskoelte","3","6","12.3000002"
"389","frisse stijve koelte","3","6","12.3000002"
"390","frisse stijve marszeilskoelte","3","5","10"
"391","frisse zeilkoelte","8",NA,NA
"392","frissen bramzeilskoelte","2","3","4.5999999"
"393","frissen coelten","1","1","1"
"394","geen vertier","1","0","0"
"395","geen voortgang","1","0","0"
"396","geen wind","1","0","0"
"397","geheel afnemende","8",NA,NA
"398","geheel flauw","1","1","1"
"399","geheel kalm","1","0","0"
"400","geheel onegale marszeilskoelte","2","4","6.69999981"
"401","geheel stil","1","0","0"
"402","gematigde bramzeilskoelte","2","3","4.5999999"
"403","gematigde koelten","2","3","4.5999999"
"404","gemeen bramzeilskoelte","2","3","4.5999999"
"405","gemeen frisse bramzeilskoelte","2","3","4.5999999"
"406","gemeen gereefde marszeilskoelte","3","5","9.30000019"
"407","gemeen labbere bramzeilskoelte","2","2","2.5999999"
"408","gemeen marszeilskoelte","2","4","6.69999981"
"409","gemeene bramzeilskoelte","2","3","4.5999999"
"410","gemeene coelte","2","2","2.5999999"
"411","gemeene koelte","2","2","2.5999999"
"412","gemeene ongestadige koelte","2","2","2.5999999"
"413","gemeene slappe bramzeilskoelte","2","3","4.5999999"
"414","gemeenen bramzeilskoelte","2","3","4.5999999"
"415","gemene aannemende koelte","2","2","2.9000001"
"416","gemene bramzeilskoelte","2","3","4.5999999"
"417","gemene bramzijlskoelte","2","3","4.5999999"
"418","gemene dubbelgereefde marszeilskoelte","3","6","12.3000002"
"419","gemene frisse aannemende koelte","2","2","2.5999999"
"420","gemene frisse bramzeilskoelte","2","3","4.5999999"
"421","gemene frisse koelte","2","2","2.5999999"
"422","gemene frisse labberkoelte","2","2","2.5999999"
"423","gemene frisse marszeilskoelte","2","4","6.69999981"
"424","gemene frisse ongestadige bramzeilskoelte","2","3","4.9000001"
"425","gemene frisse ongestadige koelte","2","2","2.9000001"
"426","gemene frisse stijve bramzeilskoelte","2","4","7.30000019"
"427","gemene gereefde marszeilskoelte","3","5","9.30000019"
"428","gemene koelte","2","2","2.5999999"
"429","gemene koelten","2","2","2.5999999"
"430","gemene labber","2","2","2.5999999"
"431","gemene labber bramzeilskoelte","2","3","4.5999999"
"432","gemene labbere bramzeilskoelte","2","2","2.5999999"
"433","gemene labberkoelte","2","2","2.5999999"
"434","gemene leijzeijls koelte","2","3","4.5999999"
"435","gemene luchtjes","1","1","1"
"436","gemene marszeilskoelte","2","4","6.69999981"
"437","gemene onderzeilskoelte","4","8","19"
"438","gemene ongestadige bramzeilskoelte","2","3","4.5999999"
"439","gemene ongestadige koelte","2","2","2.5999999"
"440","gemene ongestadige marszeilskoelte","2","4","6.69999981"
"441","gemene overdrijvende bramzeilskoelte","2","3","4.5999999"
"442","gemene slappe bramzeilskoelte","2","2","2.5999999"
"443","gemene slappe gereefde marszeilskoelte","3","5","8.69999981"
"444","gemene slappe koelte","2","2","2.5999999"
"445","gemene stijve bramzeilskoelte","2","4","6.69999981"
"446","gemene stijve koelte","3","6","12.3000002"
"447","gemene stijve marszeilskoelte","3","5","9.30000019"
"448","gemene stille bramzeilskoelte","2","3","4.5999999"
"449","gemene topzeilskoelte","2","4","6.69999981"
"450","gemenen bramzeilskoelte","2","3","4.5999999"
"451","genoegzaam","8",NA,NA
"452","genoegzaam doodstil","1","0","0"
"453","genoegzaam stil","1","0","0"
"454","gepaste bramzeilskoelte","2","3","4.5999999"
"455","gereefd marszeilskoelte","3","5","9.30000019"
"456","gereefd zeil","8",NA,NA
"457","gereefde","8",NA,NA
"458","gereefde afnemende koelte","8",NA,NA
"459","gereefde afnemende marszeilskoelte","3","5","8.69999981"
"460","gereefde bramzeilskoelte","2","4","6.69999981"
"461","gereefde coelte","2","3","4.5999999"
"462","gereefde frisse bramzeilskoelte","2","4","7.30000019"
"463","gereefde koelte","2","3","4.5999999"
"464","gereefde marszeilen","3","5","9.30000019"
"465","gereefde marszeils","3","5","9.30000019"
"466","gereefde marszeilskoelte","3","5","9.30000019"
"467","gereefde onderseilskoelte","4","9","22.6000004"
"468","gereefde onderszeilskoelte","4","9","22.6000004"
"469","gereefde onderzeilskoelte","4","9","22.6000004"
"470","gereefde onderzijlskoelte","4","9","22.6000004"
"471","gereefde ongestadige koelte","2","4","6.69999981"
"472","gereefde ongestadige marszeilskoelte","3","6","12.3000002"
"473","gereefde stijve marszeilskoelte","3","6","13.1000004"
"474","gereefde stijve onderzeilskoelte","4","9","23.5"
"475","gereefde stuurzeilskoelte","8",NA,NA
"476","gereefde zeer ongestadige marszeilskoelte","3","5","9.30000019"
"477","geregelde bramzeilskoelte","2","3","4.5999999"
"478","geringe marszeilskoelte","2","4","6.0999999"
"479","gestadig","8",NA,NA
"480","gestadig bramzeilskoelte","2","3","4.5999999"
"481","gestadigde koelten","2","2","2.5999999"
"482","gestadige aanwakkerende frische bramzeilskoelte","2","3","4.9000001"
"483","gestadige bovenbramzeilkoelte","2","2","2.5999999"
"484","gestadige bramzeilskoelte","2","3","4.5999999"
"485","gestadige flauwe koelte","2","2","2.5999999"
"486","gestadige frische koelte","2","2","2.5999999"
"487","gestadige frische ligte koelte","2","2","2.5999999"
"488","gestadige frisse bramzeilskoelte","2","3","4.9000001"
"489","gestadige frisse koelte","2","2","2.5999999"
"490","gestadige gemene bramzeilskoelte","2","3","4.5999999"
"491","gestadige koelte","2","2","2.5999999"
"492","gestadige passaatwind","2","4","6.69999981"
"493","gestadige wind","8",NA,NA
"494","getopte marszeilskoelte","2","4","7.30000019"
"495","geweldige wind","8",NA,NA
"496","gewone bramzeilskoelte","2","3","4.5999999"
"497","gewone koelte","2","2","2.5999999"
"498","gladde koelte","2","2","2.5999999"
"499","GMBZ","8",NA,NA
"500","GMBZC","8",NA,NA
"501","GMC","8",NA,NA
"502","GMMZC","8",NA,NA
"503","goed marszeilskoelte","2","4","6.69999981"
"504","goed weer","8",NA,NA
"505","goed weer van wind","8",NA,NA
"506","goede wint","8",NA,NA
"507","groote marszeilskoelte","3","5","9.30000019"
"508","handsaam weer","8",NA,NA
"509","handsamer weer","8",NA,NA
"510","handzaam","8",NA,NA
"511","handzaam doch ongestadig","8",NA,NA
"512","handzaam en ophelderend weer","8",NA,NA
"513","handzaam van koelte","8",NA,NA
"514","handzaam van weer","8",NA,NA
"515","handzaam van wind","8",NA,NA
"516","handzaam van wint","8",NA,NA
"517","handzaam weer","8",NA,NA
"518","handzaam weer van wint","8",NA,NA
"519","handzame","8",NA,NA
"520","handzame koelte","8",NA,NA
"521","handzamer","8",NA,NA
"522","handzamer doch ongestadig","8",NA,NA
"523","handzamer van weer","8",NA,NA
"524","handzamer van wind","8",NA,NA
"525","handzamer van wint","8",NA,NA
"526","handzamer weer","8",NA,NA
"527","hard","3","7","15.3999996"
"528","hard aannemend dubbelgereefde marszeilskoelte","3","6","13.1000004"
"529","hard aannemende","3","7","15.3999996"
"530","hard aannemende koelte","2","2","2.5999999"
"531","hard aanwakkerend","8",NA,NA
"532","hard afnemend","8",NA,NA
"533","hard afnemende koelte","2","2","2.5999999"
"534","hard dubbelgereefde marszeilskoelte","3","6","13.1000004"
"535","hard gereefde marszeilskoelte","3","5","10"
"536","hard waaie","3","7","15.3999996"
"537","hard waaien","3","7","15.3999996"
"538","hard waaijen","3","7","15.3999996"
"539","hard waaijende","3","7","15.3999996"
"540","harde aannemende koelte","3","7","16.2999992"
"541","harde aanwalsnemende koelte","3","7","16.2999992"
"542","harde bramzeilskoelte","2","3","4.9000001"
"543","harde buien","8",NA,NA
"544","harde buien van wind","8",NA,NA
"545","harde buiige lucht","8",NA,NA
"546","harde dubbelgereefde marszeilskoelte","3","6","13.1000004"
"547","harde frisse bovenbramzeilskoelte","2","2","2.9000001"
"548","harde gereefde koelte","8",NA,NA
"549","harde gereefde marszeilskoelte","3","5","10"
"550","harde gereefde onderzeilskoelte","4","9","22.6000004"
"551","harde gereefde onderzijlskoelte","4","9","22.6000004"
"552","harde getopte marszeilskoelte","3","5","10"
"553","harde koelte","3","7","15.3999996"
"554","harde koelten","3","7","15.3999996"
"555","harde koude","3","7","15.3999996"
"556","harde kouwe","3","7","15.3999996"
"557","harde marszeilskoelte","2","4","7.30000019"
"558","harde onderzeilskoelte","4","9","22.6000004"
"559","harde storm","4","10","26.7999992"
"560","harde storm buien","4","9","27.3999996"
"561","harde stormbuien","4","9","27.3999996"
"562","harde stormvlagen","4","9","27.3999996"
"563","harde topzeilskoelte","2","4","7.30000019"
"564","harde travaat","4","8","19"
"565","harde wind","3","7","15.3999996"
"566","harde windbuien","8",NA,NA
"567","harde windvlagen","8",NA,NA
"568","harde zeer ongestadige gereefde marszeilskoelte","3","5","10"
"569","hart","3","7","15.3999996"
"570","hart waaien","3","7","15.3999996"
"571","hasemie","2","2","2.5999999"
"572","heel bedaard van koelte","2","2","2"
"573","heel flaauw","1","1","1"
"574","heel flauw","1","1","1"
"575","heel flauwe koelte","1","1","1"
"576","heel klein bramzeilskoelte","2","3","4"
"577","heel ongestadig","8",NA,NA
"578","heel slappe koelte","1","1","1"
"579","heel sterke wind","8",NA,NA
"580","heel stijf waaien","3","7","15.3999996"
"581","heel stijve koelte","3","6","12.3000002"
"582","heel stijve marszeilskoelte","3","5","9.30000019"
"583","heel stil","1","0","0"
"584","heel stilletjes","1","0","0"
"585","heele koelte","2","2","2.5999999"
"586","heldere bramzeilskoelte","2","3","4.5999999"
"587","heldere koelte","2","2","2.5999999"
"588","heldere leizeilskoelte","2","3","4.5999999"
"589","heldere passaatwind","2","4","6.69999981"
"590","hele flauwe koelte","1","1","1"
"591","hele stijve koelte","3","6","12.3000002"
"592","hele stijve onderzeilskoelte","4","9","22.6000004"
"593","hevige koelte","8",NA,NA
"594","hevige koude","8",NA,NA
"595","hevige storm","4","10","26.7999992"
"596","hevige stormvlagen","4","9","23.5"
"597","hevige stormwind","4","9","23.5"
"598","hevige wind","8",NA,NA
"599","hoge bramzeilskoelte","2","3","4.9000001"
"600","iets aannemende koelte","8",NA,NA
"601","iets aanwakkerend","8",NA,NA
"602","iets afnemend","8",NA,NA
"603","iets afnemende","8",NA,NA
"604","iets afnemende koelte","8",NA,NA
"605","iets afnemende wind","8",NA,NA
"606","iets flauwer","8",NA,NA
"607","iets minder","8",NA,NA
"608","in en uitlopend","8",NA,NA
"609","in en uitlopende koelte","8",NA,NA
"610","in stilte gedreven","1","0","0"
"611","inegale bramzeilskoelte","2","3","4.5999999"
"612","inegale flauwe koelte","1","1","1"
"613","inegale koelte","2","2","2.5999999"
"614","inegale passaat","2","4","6.69999981"
"615","inegale passaatwind","2","4","6.69999981"
"616","ingelijke ligte koelte","1","1","1"
"617","ingestadige stevige bramzeilskoelte","2","4","6.69999981"
"618","kalm","1","0","0"
"619","kalmte","1","0","0"
"620","klapmutskoelte","1","1","1"
"621","klare bramzeilskoelte","2","3","4.5999999"
"622","kleijn koelte","1","1","1"
"623","kleijne koelte","1","1","1"
"624","klein aasemie","1","1","1"
"625","klein bliesje","1","1","1"
"626","klein bramzeilskoelte","2","3","4"
"627","klein briesje","1","1","1"
"628","klein coeltje","1","1","1"
"629","klein gesugt","1","1","1"
"630","klein hasemie","1","1","1"
"631","klein koelte","1","1","1"
"632","klein koeltie","1","1","1"
"633","klein koeltje","1","1","1"
"634","klein labber luchtje","2","2","2.5999999"
"635","klein luchje","1","1","1"
"636","klein lucht","1","1","1"
"637","klein luchtje","1","1","1"
"638","klein lugje","1","1","1"
"639","klein lugtje","1","1","1"
"640","klein windje","1","1","1"
"641","klein zuchtje","1","1","1"
"642","klein zugje","1","1","1"
"643","klein zugtje","1","1","1"
"644","kleine bramzeilskoelte","2","3","4"
"645","kleine gereefde marszeilskoelte","3","5","8.69999981"
"646","kleine koelte","1","1","1"
"647","kleine koeltie","1","1","1"
"648","kleine koeltjes","1","1","1"
"649","kleine marszeilskoelte","2","4","6.0999999"
"650","kleine slappe koelte","1","1","1"
"651","kleine zuchtjes","1","1","1"
"652","klijn luchtje","1","1","1"
"653","koelte","2","2","2.5999999"
"654","koelte aannemende","2","2","2.9000001"
"655","koelte afnemende","2","2","2"
"656","koelte een weinig minder","2","2","2"
"657","koelte ongestadig","2","2","2.5999999"
"658","koelten","2","2","2.5999999"
"659","koelten zeer ongelijk","2","2","2.5999999"
"660","koeltie","2","2","2.5999999"
"661","koeltje","2","2","2.5999999"
"662","koeltjes","2","2","2.5999999"
"663","koudje","2","2","2.5999999"
"664","kracht van zeil","8",NA,NA
"665","labber","2","2","2.5999999"
"666","labber bramzeilskoelte","2","3","4.5999999"
"667","labber couwe","2","2","2.5999999"
"668","labber flauwe koelte","2","2","2.5999999"
"669","labber frisse bramzeilskoelte","2","3","4.5999999"
"670","labber gemene","2","2","2.5999999"
"671","labber gemene bramzeilskoelte","2","3","4.5999999"
"672","labber gemene frisse bramzeilskoelte","2","3","4.5999999"
"673","labber gemene koelte","2","2","2.5999999"
"674","labber kalm","1","1","1"
"675","labber koelte","2","2","2.5999999"
"676","labber luchie","2","2","2.5999999"
"677","labber luchies","2","2","2.5999999"
"678","labber luchje","2","2","2.5999999"
"679","labber lucht","2","2","2.5999999"
"680","labber luchtje","2","2","2.5999999"
"681","labber luchtjes","2","2","2.5999999"
"682","labber luggie","2","2","2.5999999"
"683","labber lugie","2","2","2.5999999"
"684","labber lugje","2","2","2.5999999"
"685","labber lugjes","2","2","2.5999999"
"686","labber lugtje","2","2","2.5999999"
"687","labber marszeilskoelte","2","4","6.0999999"
"688","labber slappe bramzeilskoelte","2","3","4.5999999"
"689","labber stijven gemene bramzeilskoelte","2","3","4.5999999"
"690","labber stil","1","1","1"
"691","labber variabel","1","1","1"
"692","labber zuchte","1","1","1"
"693","labber zuchtje","1","1","1"
"694","labber zuchtjes","1","1","1"
"695","labberd koelte","2","2","2.5999999"
"696","labberde koelte","2","2","2.5999999"
"697","labbere","2","2","2.5999999"
"698","labbere bramzeilskoelte","2","3","4.5999999"
"699","labbere coelte","2","2","2.5999999"
"700","labbere flauwe koelte","1","1","1"
"701","labbere frisse bramzeilskoelte","2","3","4.5999999"
"702","labbere gemene bramzeilskoelte","2","3","4.5999999"
"703","labbere gemene koelte","2","2","2.5999999"
"704","labbere koelte","2","2","2.5999999"
"705","labbere koelten","2","2","2.5999999"
"706","labbere koeltens","2","2","2.5999999"
"707","labbere koeltes","2","2","2.5999999"
"708","labbere koeltie","2","2","2.5999999"
"709","labbere luchtje","2","2","2.5999999"
"710","labbere luchtjes","2","2","2.5999999"
"711","labbere lugtjes","2","2","2.5999999"
"712","labbere marszeilskoelte","2","2","2.5999999"
"713","labbere slappe bramzeilskoelte","2","3","4"
"714","labbere slappe koelte","1","1","1"
"715","labbere zuchtjes","1","1","1"
"716","labberen coelten","2","2","2.5999999"
"717","labberende bramzeilskoelte","2","3","4.5999999"
"718","labberkoelt","2","2","2.5999999"
"719","labberkoelte","2","2","2.5999999"
"720","labberkoelten","2","2","2.5999999"
"721","labberkoeltens","2","2","2.5999999"
"722","labberkoeltes","2","2","2.5999999"
"723","labberkoeltie","2","2","2.5999999"
"724","labberluchie","2","2","2.5999999"
"725","labberluchtje","2","2","2.5999999"
"726","labberluchtjes","2","2","2.5999999"
"727","labberlugje","2","2","2.5999999"
"728","labbert koelte","2","2","2.5999999"
"729","labberties","2","2","2.5999999"
"730","labbertje","2","2","2.5999999"
"731","labbertjes","2","2","2.5999999"
"732","labberzuchtje","1","1","1"
"733","labberzuchtjes","1","1","1"
"734","lage bramzeilskoelte","2","3","4"
"735","landluchtje","8",NA,NA
"736","landwind","8",NA,NA
"737","langzaam aanwakkerende koelte","8",NA,NA
"738","lei en bramzeilen getopt","2","3","4.9000001"
"739","leijzeilskoelte","2","3","4.5999999"
"740","leizeilen en bramzeilen getopt","2","3","4.9000001"
"741","leizeilen getopt","2","3","4.5999999"
"742","leizeilskoelte","2","3","4.5999999"
"743","lekkere koelte","8",NA,NA
"744","leyzeilen en bramzeilen getopt","2","3","4.9000001"
"745","licht buijig","2","3","4.5999999"
"746","licht ongelijke koelte","1","1","1"
"747","licht ongestadige boven bramzeilskoelte","2","2","2"
"748","licht ongestadige koelte","2","2","2"
"749","lichte aannemende koelte","2","2","2.9000001"
"750","lichte aanwakkerende koelte","2","2","2.9000001"
"751","lichte bovenbramzeilskoelte","2","2","2"
"752","lichte bovenste bramzeilskoelte","2","2","2"
"753","lichte bramzeilskoelte","2","3","4"
"754","lichte bramzeilskoelte verder aannemende","2","3","4.5999999"
"755","lichte flauwe koelte","1","1","0.600000024"
"756","lichte koele","1","1","1"
"757","lichte koelte aannemend","1","1","1.20000005"
"758","lichte koelte aanwakkerend","1","1","1.20000005"
"759","lichte omlopende koelte","1","1","1"
"760","lichte ongelijke koelte","1","1","1"
"761","lichte ongestadige koelte","2","2","2"
"762","lichte passaatkoelte","2","4","6.0999999"
"763","lichte passaatweer","2","4","6.0999999"
"764","lichte uitlopende koelte","1","1","0.600000024"
"765","lichte zuchtjes","1","1","1"
"766","liep bovenbramzeilskoelte","2","2","2.5999999"
"767","ligte bovenbramzeilskoelte","2","2","2"
"768","ligte doorkomende koelte","2","2","2.5999999"
"769","ligte koelte","2","2","2.5999999"
"770","ligte koeltens","2","2","2.5999999"
"771","ligte ongelijke koelte","2","2","2.5999999"
"772","loopende wind","8",NA,NA
"773","lopende labbere koelte","2","2","2.5999999"
"774","lopende uit en in","8",NA,NA
"775","lopende winden","8",NA,NA
"776","luchtje","2","2","2.5999999"
"777","luchtje wat aannemend","2","2","2.9000001"
"778","luchtjes","2","2","2.5999999"
"779","lugie","2","2","2.5999999"
"780","lugje","2","2","2.5999999"
"781","lugjes","2","2","2.5999999"
"782","lugtie","2","2","2.5999999"
"783","lugtje","2","2","2.5999999"
"784","maarse koelte","8",NA,NA
"785","mars coelte","2","4","6.69999981"
"786","marszeils afnemende koelte","2","4","6.0999999"
"787","marszeils couwe","2","4","6.69999981"
"788","marszeilskoelte","2","4","6.69999981"
"789","marszeilskoelte gestadige koelte","2","4","6.69999981"
"790","marszeilskoelte ongestadig","2","4","6.69999981"
"791","marszijlskoelte","2","4","6.69999981"
"792","matige bramzeilskoelte","2","3","4.5999999"
"793","matige koelte","2","2","2.5999999"
"794","meer en minder koelte","8",NA,NA
"795","meer en mindere koelte","8",NA,NA
"796","meer koelte","8",NA,NA
"797","meerder koelte","8",NA,NA
"798","meerdere en mindere koelte","8",NA,NA
"799","meerdere koelte","8",NA,NA
"800","meerdere koelten","8",NA,NA
"801","meest doodstil","1","0","0"
"802","meest stil","1","0","0"
"803","meest stilletjes","1","0","0"
"804","meest stilte","1","0","0"
"805","met kalmte","1","0","0"
"806","met kalmtes en stiltes","1","0","0"
"807","met lij en bramzeilen getopt","2","3","4.9000001"
"808","met stilte","1","0","0"
"809","minder","8",NA,NA
"810","minder koelte","8",NA,NA
"811","minder stijve koelte","3","6","11.6000004"
"812","minder van wind","8",NA,NA
"813","minder wind","8",NA,NA
"814","mindere bramzeilskoelte","2","3","4"
"815","mindere en meerdere koelte","8",NA,NA
"816","mindere koelte","8",NA,NA
"817","mindere koeltes","8",NA,NA
"818","mindere marszeilskoelte","2","4","6.0999999"
"819","minderende koelte","8",NA,NA
"820","minderende wind","8",NA,NA
"821","moeie zuchtje","2","2","2.5999999"
"822","moeilijke bramzeilskoelte","2","3","4.5999999"
"823","moey koelte","2","2","2.5999999"
"824","moje bramzeilskoelte","2","3","4.5999999"
"825","mooi bramzeilskoelte","2","3","4.5999999"
"826","mooi koelte","2","2","2.5999999"
"827","mooi koeltie","2","2","2.5999999"
"828","mooi koeltje","2","2","2.5999999"
"829","mooi weer","8",NA,NA
"830","mooi weer van koelte","8",NA,NA
"831","mooi weer van wind","8",NA,NA
"832","mooi zeilkoelte","8",NA,NA
"833","mooi zeilkoeltie","8",NA,NA
"834","mooi zeilkoeltje","8",NA,NA
"835","mooi zuchtje","2","2","2.5999999"
"836","mooie bramzeilskoelte","2","3","4.5999999"
"837","mooie koelte","2","2","2.5999999"
"838","mooie koelten","2","2","2.5999999"
"839","mooie koeltie","2","2","2.5999999"
"840","mooie laveer koelte","8",NA,NA
"841","mooie marszeilskoelte","2","4","6.69999981"
"842","mooie wint","8",NA,NA
"843","mooie zeijlkoelte","8",NA,NA
"844","mooie zeilkoelte","8",NA,NA
"845","mooie zylkoelte","8",NA,NA
"846","mooij koelte","2","2","2.5999999"
"847","mooije koelte","2","2","2.5999999"
"848","mooije wind","2","2","2.5999999"
"849","mou koelte","2","2","2.5999999"
"850","mou koulte","2","2","2.5999999"
"851","mou labber","2","2","2.5999999"
"852","mou labberkoelte","2","2","2.5999999"
"853","mou topzeilskoelte","2","4","6.69999981"
"854","mouije koulte","2","2","2.5999999"
"855","mouije topzeilskoelte","2","4","6.69999981"
"856","nagenoeg stil","1","0","0"
"857","niet veel koelte","1","1","1"
"858","nogal harde storm","4","10","27.3999996"
"859","nogal stijve koelte","3","6","12.3000002"
"860","nogal storm","4","10","27.3999996"
"861","omloopende zuchtjes","1","1","1"
"862","omlopend","8",NA,NA
"863","omlopende","8",NA,NA
"864","omlopende flauwe koelte","1","1","1"
"865","omlopende flauwe vlagen","1","1","1"
"866","omlopende koelte","2","2","2.5999999"
"867","omlopende koeltens","2","2","2.5999999"
"868","omlopende labberkoelte","2","2","2.5999999"
"869","omlopende luchtjes","2","2","2.5999999"
"870","omlopende vlagen","8",NA,NA
"871","omlopende wind","8",NA,NA
"872","onbestendige stijve wind","3","6","12.3000002"
"873","onderseilskoelte","4","8","19"
"874","onderzeijlskoelte","4","8","19"
"875","onderzeil","4","8","19"
"876","onderzeils couwe","4","8","19"
"877","onderzeils gereefde koelte","4","9","22.6000004"
"878","onderzeils weer","4","8","19"
"879","onderzeilskoelte","4","8","19"
"880","onderzeilsweer","4","8","19"
"881","onderzijls koelte","4","8","19"
"882","onderzijlscoelte","4","8","19"
"883","onderzijlskoel","4","8","19"
"884","onderzijlskoelte","4","8","19"
"885","onegale bramzeilskoelte","2","3","4.5999999"
"886","onegale flauwe koelte","2","2","2.5999999"
"887","onegale gereefde marszeilskoelte","3","5","9.30000019"
"888","onegale koelte","2","2","2.5999999"
"889","onegale koeltens","2","2","2.5999999"
"890","onegale koeltes","2","2","2.5999999"
"891","onegale labberkoelte","2","2","2.5999999"
"892","onegale marszeilskoelte","2","4","6.69999981"
"893","onegale stijve koelte","3","6","12.3000002"
"894","onegale wind","8",NA,NA
"895","onegalen koelte","2","2","2.5999999"
"896","ongelijk","8",NA,NA
"897","ongelijk van koelte","8",NA,NA
"898","ongelijk van kracht","8",NA,NA
"899","ongelijk van wind","8",NA,NA
"900","ongelijke aannemende koelte","8",NA,NA
"901","ongelijke aannemende marszeilskoelte","2","4","7.30000019"
"902","ongelijke afnemende koelte","8",NA,NA
"903","ongelijke bovenbramzeilskoelte","2","2","2.5999999"
"904","ongelijke bramzeilskoelte","2","3","4.5999999"
"905","ongelijke buiige koelte","8",NA,NA
"906","ongelijke dichtgereefde marszeilskoelte","3","7","15.3999996"
"907","ongelijke en frisse bramzeilskoelte","2","3","4.9000001"
"908","ongelijke flauwe bramzeilskoelte","2","3","4.5999999"
"909","ongelijke flauwe koelte","1","1","1"
"910","ongelijke flauwe koeltens","1","1","1"
"911","ongelijke frisse bramzeilskoelte","2","3","4.9000001"
"912","ongelijke frisse koelte","3","5","9.30000019"
"913","ongelijke frisse marszeilskoelte","2","4","7.30000019"
"914","ongelijke gereefde marszeilskoelte","3","5","9.30000019"
"915","ongelijke harde koelte","3","7","15.3999996"
"916","ongelijke koelte","8",NA,NA
"917","ongelijke koelten","8",NA,NA
"918","ongelijke koeltens","8",NA,NA
"919","ongelijke koeltes","8",NA,NA
"920","ongelijke marszeilskoelte","2","4","6.69999981"
"921","ongelijke mindere koelte","8",NA,NA
"922","ongelijke onderzeilskoelte","4","8","19"
"923","ongelijke stijve bramzeilskoelte","2","4","6.69999981"
"924","ongelijke stijve gereefde marszeilskoelte","3","6","12.3000002"
"925","ongelijke stijve koelte","3","6","12.3000002"
"926","ongelijke stijve marszeilskoelte","3","5","9.30000019"
"927","ongelijkmatige bramzeilskoelte","2","3","4.5999999"
"928","ongemene bramzeilskoelte","2","3","4.5999999"
"929","ongereefde marszeilskoelte","2","4","6.69999981"
"930","ongestade harde koelte","3","6","12.3000002"
"931","ongestadig","8",NA,NA
"932","ongestadig aannemend","8",NA,NA
"933","ongestadig aanwakkerende koelte","8",NA,NA
"934","ongestadig afnemend","8",NA,NA
"935","ongestadig afnemend van wind","8",NA,NA
"936","ongestadig afnemende dichtgereefde marszeilskoelte","3","7","14.6999998"
"937","ongestadig afnemende flauwe koelte","1","1","0.600000024"
"938","ongestadig afnemende koelte","2","2","2"
"939","ongestadig afnemende marszeilskoelte","2","4","6.0999999"
"940","ongestadig bovenbramzeilskoelte","2","2","2.5999999"
"941","ongestadig bramzeilskoelte","2","3","4.5999999"
"942","ongestadig buijige koelte","2","2","2.5999999"
"943","ongestadig dichtgereefde marszeilskoelte","3","7","15.3999996"
"944","ongestadig dichtgereefde onderzeilskoelte","4","10","26.7999992"
"945","ongestadig dubbelgereefde marszeilskoelte","3","6","12.3000002"
"946","ongestadig flaauw","1","1","1"
"947","ongestadig flauw","1","1","1"
"948","ongestadig flauwe aanwakkerende koelte","1","1","1.20000005"
"949","ongestadig flauwe bramzeilskoelte","2","3","4.5999999"
"950","ongestadig flauwe koelte","1","1","1"
"951","ongestadig frisse bramzeilskoelte","2","3","4.9000001"
"952","ongestadig frisse marszeilskoelte","2","4","6.69999981"
"953","ongestadig gereefde marszeilskoelte","3","5","9.30000019"
"954","ongestadig harde koelte","3","7","15.3999996"
"955","ongestadig harde koelten","3","7","15.3999996"
"956","ongestadig harde wind","3","7","15.3999996"
"957","ongestadig koelte","2","2","2.5999999"
"958","ongestadig lichte koelte","1","1","1"
"959","ongestadig marszeilskoelte","2","4","4.5999999"
"960","ongestadig stijf","3","6","12.3000002"
"961","ongestadig stijve bramzeilskoelte","2","4","6.69999981"
"962","ongestadig stijve gereefde marszeilskoelte","3","6","12.3000002"
"963","ongestadig stijve koelte","3","6","12.3000002"
"964","ongestadig stijve marszeilskoelte","3","5","9.30000019"
"965","ongestadig stijve onderzeilskoelte","4","9","22.6000004"
"966","ongestadig stormweer","4","9","22.6000004"
"967","ongestadig toenemende bramzeilskoelte","2","3","4.9000001"
"968","ongestadig toenemende koelte","2","2","2.9000001"
"969","ongestadig travadig","3","7","15.3999996"
"970","ongestadig uitlopende koelte","8",NA,NA
"971","ongestadig valwind","8",NA,NA
"972","ongestadig van koelte","8",NA,NA
"973","ongestadig van wind","8",NA,NA
"974","ongestadig variabel","8",NA,NA
"975","ongestadig weer","8",NA,NA
"976","ongestadig wind","8",NA,NA
"977","ongestadigde gereefde marszeilskoelte","3","5","9.30000019"
"978","ongestadigde koelte","2","2","2.5999999"
"979","ongestadigde koeltens","2","2","2.5999999"
"980","ongestadigde marszeilskoelte","2","4","6.69999981"
"981","ongestadige","8",NA,NA
"982","ongestadige aannemende coelte","2","2","2.9000001"
"983","ongestadige aannemende dichtgereefde marszeilsklte","3","7","15.3999996"
"984","ongestadige aannemende koelte","2","2","2.9000001"
"985","ongestadige aannemende marszeilskoelte","2","4","7.30000019"
"986","ongestadige aannemende onderzeilskoelte","4","8","19.7999992"
"987","ongestadige aanwakkerende koelte","2","2","2.9000001"
"988","ongestadige afnemende bramzeilskoelte","2","3","4"
"989","ongestadige afnemende koelte","2","2","2"
"990","ongestadige afnemende koelten","2","2","2"
"991","ongestadige afnemende marszeilskoelte","2","4","6.0999999"
"992","ongestadige afnemende wind","8",NA,NA
"993","ongestadige bovenbramzeilskoelte","2","2","2.5999999"
"994","ongestadige bovenste bramzeilskoelte","2","2","2.5999999"
"995","ongestadige bramzeilskoelte","2","3","4.5999999"
"996","ongestadige buien","8",NA,NA
"997","ongestadige buiige bramzeilskoelte","2","3","4.5999999"
"998","ongestadige buiige digtgereefde marszeilskoelte","3","7","15.3999996"
"999","ongestadige buiige flauwe koelte","1","1","1"
"1000","ongestadige buiige gereefde marszeilskoelte","3","5","10"
"1001","ongestadige buiige koelte","2","2","2.5999999"
"1002","ongestadige buiige lucht","8",NA,NA
"1003","ongestadige buiige weer","8",NA,NA
"1004","ongestadige buijige bramzeilskoelte","2","3","4.5999999"
"1005","ongestadige coelte","2","2","2.5999999"
"1006","ongestadige dichtgereefde marszeilskoelte","3","7","15.3999996"
"1007","ongestadige dubbele gereefde marszeilskoelte","3","6","12.3000002"
"1008","ongestadige dubbelgereefde koelte","3","5","9.30000019"
"1009","ongestadige dubbelgereefde marszeilskoelte","3","6","12.3000002"
"1010","ongestadige flaauwe koelte","1","1","1"
"1011","ongestadige flaauwe zuchtjes","1","1","1"
"1012","ongestadige flauw koelte","1","1","1"
"1013","ongestadige flauwe","1","1","1"
"1014","ongestadige flauwe bramzeilskoelte","2","3","4.5999999"
"1015","ongestadige flauwe buiige koelte","1","1","1"
"1016","ongestadige flauwe koelte","1","1","1"
"1017","ongestadige flauwe koeltens","1","1","1"
"1018","ongestadige flauwe koeltes","1","1","1"
"1019","ongestadige flauwe koeltje","1","1","1"
"1020","ongestadige flauwe marszeilskoelte","2","4","6.0999999"
"1021","ongestadige flauwe varierende koelte","1","1","1"
"1022","ongestadige frische koelte","3","5","9.30000019"
"1023","ongestadige frisse bramzeilskoelte","2","3","4.5999999"
"1024","ongestadige frisse koelte","3","5","9.30000019"
"1025","ongestadige frisse koeltes","3","5","9.30000019"
"1026","ongestadige frisse labberkoelte","2","2","2.5999999"
"1027","ongestadige frisse marszeilskoelte","2","4","6.69999981"
"1028","ongestadige gemene bramzeilskoelte","2","3","4.5999999"
"1029","ongestadige gemene koelte","2","2","2.5999999"
"1030","ongestadige gemene labber bramzeilskoelte","2","3","4.5999999"
"1031","ongestadige gemene marszeilskoelte","2","4","6.69999981"
"1032","ongestadige gereefde","8",NA,NA
"1033","ongestadige gereefde bramzeilskoelte","2","4","6.69999981"
"1034","ongestadige gereefde marszeils","3","5","9.30000019"
"1035","ongestadige gereefde marszeilskoelte","3","5","9.30000019"
"1036","ongestadige gereefde onderzeilskoelte","4","9","22.6000004"
"1037","ongestadige harde koelte","3","7","15.3999996"
"1038","ongestadige harde marszeilskoelte","2","4","7.30000019"
"1039","ongestadige harde wind","3","7","15.3999996"
"1040","ongestadige kleine koeltjes","2","2","2.5999999"
"1041","ongestadige koelte","2","2","2.5999999"
"1042","ongestadige koelten","2","2","2.5999999"
"1043","ongestadige koeltens","2","2","2.5999999"
"1044","ongestadige koeltes","2","2","2.5999999"
"1045","ongestadige labber bramzeilskoelte","2","3","4.5999999"
"1046","ongestadige labbere bramzeilskoelte","2","3","4.5999999"
"1047","ongestadige labbere koelte","2","2","2.5999999"
"1048","ongestadige labberkoelte","2","2","2.5999999"
"1049","ongestadige lichte bovenbramzeilskoelte","2","2","2"
"1050","ongestadige lichte bramzeilskoelte","2","3","4.5999999"
"1051","ongestadige lichte koelte","2","2","2.5999999"
"1052","ongestadige ligte koelte","2","2","2.5999999"
"1053","ongestadige lucht","8",NA,NA
"1054","ongestadige marszeils","2","4","6.69999981"
"1055","ongestadige marszeilskoelte","2","4","6.69999981"
"1056","ongestadige marszijls","2","4","6.69999981"
"1057","ongestadige meest versse bramzeilskoelte","2","3","4.5999999"
"1058","ongestadige mindere koelte","8",NA,NA
"1059","ongestadige onderzeilskoelte","4","8","19"
"1060","ongestadige slappe koelte","2","2","2.5999999"
"1061","ongestadige stevige bramzeilskoelte","2","3","4.5999999"
"1062","ongestadige stijfgereefde marszeilskoelte","3","5","9.30000019"
"1063","ongestadige stijve","8",NA,NA
"1064","ongestadige stijve afwisselende koelte","3","6","12.3000002"
"1065","ongestadige stijve bramzeilskoelte","2","4","6.69999981"
"1066","ongestadige stijve dichtgereefde marszeilskoelte","3","7","16.2999992"
"1067","ongestadige stijve dubbelgereefde marszeilskoelte","3","6","13.1000004"
"1068","ongestadige stijve gereefde marszeilskoelte","3","6","12.3000002"
"1069","ongestadige stijve gereefde onderzeilskoelte","4","10","26.7999992"
"1070","ongestadige stijve koelte","3","6","12.3000002"
"1071","ongestadige stijve koeltens","3","6","12.3000002"
"1072","ongestadige stijve koeltes","3","6","12.3000002"
"1073","ongestadige stijve marszeilskoelte","3","5","9.30000019"
"1074","ongestadige stijve onderzeilskoelte","4","9","22.6000004"
"1075","ongestadige stijve wind","3","6","12.3000002"
"1076","ongestadige stormachtige wind","4","8","19"
"1077","ongestadige stormbuien","4","9","22.6000004"
"1078","ongestadige uitlopende koelte","2","2","2.5999999"
"1079","ongestadige valwindjes","8",NA,NA
"1080","ongestadige vlagen","8",NA,NA
"1081","ongestadige wind","8",NA,NA
"1082","ongestadige winden","8",NA,NA
"1083","ongestadige zeekoelte","8",NA,NA
"1084","ongestadige zuchtjes","1","1","1"
"1085","ongestadige zware koelte","8",NA,NA
"1086","op en neer","8",NA,NA
"1087","opklarende koelte","8",NA,NA
"1088","opklarende lucht","8",NA,NA
"1089","opkomend zuchtje","1","1","1"
"1090","opkomende koelte","2","2","2.5999999"
"1091","opkomende koelten","2","2","2.5999999"
"1092","opkomende lichte koelte","2","2","2.5999999"
"1093","opkomende wind","2","2","2.5999999"
"1094","opkomende zuchtjes","2","2","2.5999999"
"1095","oplopende wind","2","2","2.5999999"
"1096","opwakkerend","8",NA,NA
"1097","opwakkerend zuchtje","1","1","1.20000005"
"1098","opwakkerende bramzeilskoelte","2","3","4.9000001"
"1099","opwakkerende koelte","2","2","2.5999999"
"1100","opwakkerent","8",NA,NA
"1101","orcaan","4","12","35"
"1102","orcaen","4","12","35"
"1103","orden coelte","2","2","2.5999999"
"1104","ordenaire bramzeilskoelte","2","3","4.5999999"
"1105","ordenare marszeils couwe","2","4","6.69999981"
"1106","ordinaire bramzeilskoelte","2","3","4.5999999"
"1107","ordinaire flauwe bramzeilskoelte","2","3","4.5999999"
"1108","ordinaire koelte","2","2","2.5999999"
"1109","ordinaire labbere bramzeilskoelte","2","3","4.5999999"
"1110","ordinaire marszeilskoelte","2","4","6.69999981"
"1111","ordinaire passaat koelte","2","4","6.69999981"
"1112","orkaan","4","12","35"
"1113","overdrijvende ongestadige koeltes","2","2","2.5999999"
"1114","overhandige storm","4","10","26.7999992"
"1115","passaat","2","4","6.69999981"
"1116","passaat koelte","2","4","6.69999981"
"1117","passaatweer","2","4","6.69999981"
"1118","passaatwind","2","4","6.69999981"
"1119","passat","2","4","6.69999981"
"1120","passat weer","2","4","6.69999981"
"1121","raas winden","8",NA,NA
"1122","redelijke bramzeilskoelte","2","3","4.5999999"
"1123","redelijke koelte","2","2","2.5999999"
"1124","reizende koelte","2","2","2.5999999"
"1125","rijsende koelte","2","2","2.5999999"
"1126","rijzende bramzeilskoelte","2","3","4.5999999"
"1127","rijzende koelte","2","2","2.5999999"
"1128","rond","8",NA,NA
"1129","rondgaande bovenbramzeilskoelte","2","2","2.5999999"
"1130","rondloopende koelte","2","2","2.5999999"
"1131","rondlopend","8",NA,NA
"1132","rondlopend zuchtje","1","1","1"
"1133","rondlopende","8",NA,NA
"1134","rondlopende flauwe koelte","1","1","1"
"1135","rondlopende koelte","8",NA,NA
"1136","rondlopende lichte koelte","1","1","1"
"1137","rondlopende luchtjes","8",NA,NA
"1138","rondlopende wind","8",NA,NA
"1139","rondlopende zuchtjes","1","1","1"
"1140","rondtrekkende koelte","8",NA,NA
"1141","ruwe onderzeilskoelte","4","8","19"
"1142","schraal","8",NA,NA
"1143","schrale wind","8",NA,NA
"1144","schralende","8",NA,NA
"1145","slaer topzeilskoelte","2","4","6.69999981"
"1146","slap","2","2","2.5999999"
"1147","slap bramzeilskoelte","2","3","4"
"1148","slap briesje","2","2","2.5999999"
"1149","slap koeltje","2","2","2.5999999"
"1150","slapjes","2","2","2.5999999"
"1151","slappe","2","2","2.5999999"
"1152","slappe bramzeilskoelte","2","3","4"
"1153","slappe coelte","2","2","2.5999999"
"1154","slappe gemene bramzeilskoelte","2","3","4"
"1155","slappe gemene koelte","2","2","2.5999999"
"1156","slappe gemene labberkoelte","2","2","2.5999999"
"1157","slappe koelte","2","2","2.5999999"
"1158","slappe koelten","2","2","2.5999999"
"1159","slappe koeltens","2","2","2.5999999"
"1160","slappe labbere bramzeilskoelte","2","3","4"
"1161","slappe labberkoelte","2","2","2.5999999"
"1162","slappe luchtje","2","2","2.5999999"
"1163","slappe marszeilskoelte","2","4","6.0999999"
"1164","slappe ongestadige bramzeilskoelte","2","3","4"
"1165","slappe topzeilskoelte","2","4","6.0999999"
"1166","slappe varrieerende koelte","2","2","2.5999999"
"1167","slappen bramzeilskoelte","2","3","4"
"1168","slechts meer wind","8",NA,NA
"1169","soms doodstil","1","0","0"
"1170","soms een luchtje","1","1","1"
"1171","staande marszeilskoelte","2","4","6.69999981"
"1172","stadige bramzeilskoelte","2","3","4.9000001"
"1173","staken een rif in het marszeil","3","5","9.30000019"
"1174","steeds aannemende wind","8",NA,NA
"1175","steeds toenemende wind","8",NA,NA
"1176","steel flauw","8",NA,NA
"1177","steijve gereefde marszeilskoelte","3","5","9.30000019"
"1178","steijve koelte","2","4","6.69999981"
"1179","steive lavant wind","8",NA,NA
"1180","sterk","8",NA,NA
"1181","sterk te waaien","8",NA,NA
"1182","sterk toenemende koude","8",NA,NA
"1183","sterk waaiend","8",NA,NA
"1184","sterke","8",NA,NA
"1185","sterke bovenbramzeilskoelte","2","2","2.9000001"
"1186","sterke bramzeilskoelte","2","3","4.9000001"
"1187","sterke stormwind","4","9","23.5"
"1188","sterke voordelige koelte","8",NA,NA
"1189","sterke wind","8",NA,NA
"1190","stevige bramzeilskoelte","2","3","4.9000001"
"1191","stevige gereefde koelte","8",NA,NA
"1192","stiff topzeilskoelte","2","4","7.30000019"
"1193","stiive bramzeilskoelte","2","3","4.9000001"
"1194","stije marszeilskoelte","2","4","7.30000019"
"1195","stijf aannemende koelte","8",NA,NA
"1196","stijf gereefde marszeilskoelte","3","6","12.3000002"
"1197","stijf opwaaien","3","6","12.3000002"
"1198","stijf te waajen","3","6","12.3000002"
"1199","stijf te wajen","3","6","12.3000002"
"1200","stijf waaien","3","6","12.3000002"
"1201","stijf waaijen","3","6","12.3000002"
"1202","stijf waaijende koelte","3","6","12.3000002"
"1203","stijf waaijende ongestadige koelte","3","6","12.3000002"
"1204","stijf waajen","3","6","12.3000002"
"1205","stijf waijen","8",NA,NA
"1206","stijfe gereefde koelte","8",NA,NA
"1207","stijfgereefde marszeilskoelte","3","6","12.3000002"
"1208","stijve  bramzeilskoelte","2","4","6.69999981"
"1209","stijve 3 reefde marszeilskoelte","3","6","12.3000002"
"1210","stijve aannemende bramzeilskoelte","2","3","4.9000001"
"1211","stijve aannemende koelte","3","6","12.3000002"
"1212","stijve aannemende koeltens","3","6","12.3000002"
"1213","stijve aannemende onderzeilskoelte","4","8","19.7999992"
"1214","stijve aannemende wind","8",NA,NA
"1215","stijve aanwakkerende bramzeilskoelte","2","3","4.9000001"
"1216","stijve aanwakkerende koelte","8",NA,NA
"1217","stijve afnemende bramzeilskoelte","2","3","4"
"1218","stijve afnemende koelte","3","6","11.6000004"
"1219","stijve afnemende marszeilskoelte","2","4","6.69999981"
"1220","stijve betrokken marszeilskoelte","2","4","7.30000019"
"1221","stijve boven bramzeilskoelte","2","2","2.9000001"
"1222","stijve bovenbramzeilskoelte","2","2","2.9000001"
"1223","stijve bovenzeilskoelte","2","2","2.9000001"
"1224","stijve bramzeilskoelte","2","4","6.69999981"
"1225","stijve buien","8",NA,NA
"1226","stijve buiige koelte","3","6","12.3000002"
"1227","stijve buiige marszeilskoelte","3","5","9.30000019"
"1228","stijve coelte","3","6","12.3000002"
"1229","stijve couwe","3","6","12.3000002"
"1230","stijve dichtgereefde marszeilskoelte","3","7","16.2999992"
"1231","stijve dobbelde gereefde marszeilskoelte","3","6","13.1000004"
"1232","stijve doorgaande koelte","3","6","12.3000002"
"1233","stijve doorstaande gereefde marszeilskoelte","3","5","10"
"1234","stijve doorstaande koelte","3","6","12.3000002"
"1235","stijve doorstaande passaatwind","3","5","9.30000019"
"1236","stijve dubbelde gereefde marszeilskoelte","3","6","13.1000004"
"1237","stijve dubbeldgereefde marszeilskoelte","3","6","13.1000004"
"1238","stijve dubbele gereefde marszeilskoelte","3","6","13.1000004"
"1239","stijve dubbelegereefde marszeilskoelte","3","6","12.3000002"
"1240","stijve dubbelgereefde bramzeilskoelte","3","5","10"
"1241","stijve dubbelgereefde koelte","3","5","10"
"1242","stijve dubbelgereefde marszeils couwe","3","6","13.1000004"
"1243","stijve dubbelgereefde marszeilskoelte","3","6","13.1000004"
"1244","stijve dubbelgereefde onderzeilskoelte","4","10","27.3999996"
"1245","stijve en gemene koelte","2","4","7.30000019"
"1246","stijve flauwe bramzeilskoelte","2","3","4.9000001"
"1247","stijve flauwe koelte","8",NA,NA
"1248","stijve frisse bramzeilskoelte","2","3","4.9000001"
"1249","stijve frisse gemene bramzeilskoelte","2","3","4.9000001"
"1250","stijve frisse koelte","3","5","9.30000019"
"1251","stijve gemene bramzeilskoelte","2","3","4.9000001"
"1252","stijve gemene gereefde marszeilskoelte","3","6","12.3000002"
"1253","stijve gemene koelte","2","4","7.30000019"
"1254","stijve gemene marszeils couwe","2","4","7.30000019"
"1255","stijve gemene marszeilskoelte","2","4","7.30000019"
"1256","stijve gemene onderzeilskoelte","4","8","19.7999992"
"1257","stijve gereefde bramzeilskoelte","2","4","6.69999981"
"1258","stijve gereefde koelte","3","7","15.3999996"
"1259","stijve gereefde marszeils","3","6","12.3000002"
"1260","stijve gereefde marszeils couwe","3","6","12.3000002"
"1261","stijve gereefde marszeilskoelte","3","6","12.3000002"
"1262","stijve gereefde marszeilskoelte aannemende","3","6","13.1000004"
"1263","stijve gereefde marzeilskoelte","3","6","12.3000002"
"1264","stijve gereefde onderzeils couwe","4","9","23.5"
"1265","stijve gereefde onderzeilskoelte","4","10","26.7999992"
"1266","stijve gereefde ongestadige marszeilskoelte","3","5","10"
"1267","stijve getopte marszeilskoelte","3","5","10"
"1268","stijve greefde marszeilskoelte","3","5","10"
"1269","stijve koele","3","6","12.3000002"
"1270","stijve koelte","3","6","12.3000002"
"1271","stijve koelte afnemend","3","6","11.6000004"
"1272","stijve koelten","3","6","12.3000002"
"1273","stijve koeltens","3","6","12.3000002"
"1274","stijve koeltes","3","6","12.3000002"
"1275","stijve koeltie","3","6","12.3000002"
"1276","stijve koude","3","6","12.3000002"
"1277","stijve koude lucht","3","6","12.3000002"
"1278","stijve kouwe","3","6","12.3000002"
"1279","stijve labbere bramzeilskoelte","2","3","4.5999999"
"1280","stijve lichte koelte","2","2","2.9000001"
"1281","stijve lucht","3","6","12.3000002"
"1282","stijve marszeils bramzeilskoelte","2","4","6.69999981"
"1283","stijve marszeils couwe","3","5","9.30000019"
"1284","stijve marszeilskoelte","3","5","9.30000019"
"1285","stijve marszeilskoelte aannemend","3","5","10"
"1286","stijve minderende koelte","8",NA,NA
"1287","stijve onderseijlskoelte","4","9","22.6000004"
"1288","stijve onderseilskoelte","4","9","22.6000004"
"1289","stijve onderzeils couwe","4","9","22.6000004"
"1290","stijve onderzeils koelte","4","9","22.6000004"
"1291","stijve onderzeilskoelte","4","9","22.6000004"
"1292","stijve onderzijlskoelte","4","9","22.6000004"
"1293","stijve ongelijke bramzeilskoelte","2","4","6.69999981"
"1294","stijve ongelijke koelte","2","4","6.69999981"
"1295","stijve ongelijke marszeilskoelte","2","4","7.30000019"
"1296","stijve ongenadige bramzeilskoelte","2","3","4.5999999"
"1297","stijve ongestadige aannemende wind","8",NA,NA
"1298","stijve ongestadige bovenbramzeilskoelte","2","2","2.9000001"
"1299","stijve ongestadige bramzeilskoelte","2","3","4.9000001"
"1300","stijve ongestadige dubbelgereefde marszeilskoelte","3","6","13.1000004"
"1301","stijve ongestadige gereefde marszeilskoelte","3","5","10"
"1302","stijve ongestadige koelte","3","6","12.3000002"
"1303","stijve ongestadige marszeilskoelte","2","4","7.30000019"
"1304","stijve ongestadige onderzeilskoelte","4","9","22.6000004"
"1305","stijve ongestadige windbuien","8",NA,NA
"1306","stijve ordinaire bramzeilskoelte","2","4","6.69999981"
"1307","stijve passaat","3","5","9.30000019"
"1308","stijve passaat koelte","3","5","9.30000019"
"1309","stijve passaatkoelte","3","5","9.30000019"
"1310","stijve schrale wind","3","5","9.30000019"
"1311","stijve topzeilskoelte","2","4","7.30000019"
"1312","stijve voordelige koelte","2","4","6.69999981"
"1313","stijve waaien","2","4","6.69999981"
"1314","stijve waajen","2","4","6.69999981"
"1315","stijve waejen","2","4","6.69999981"
"1316","stijve waije","2","4","6.69999981"
"1317","stijve waijen","2","4","6.69999981"
"1318","stijve wind","2","4","6.69999981"
"1319","stijve windbuien","3","5","9.30000019"
"1320","stijve zware gereefde marszeilskoelte","3","7","16.2999992"
"1321","stil","1","0","0"
"1322","stil weder","1","0","0"
"1323","stil weer","1","0","0"
"1324","still","1","0","0"
"1325","stille","1","0","0"
"1326","stille bramzeilskoelte","2","3","4"
"1327","stille koelte","1","0","0"
"1328","stille labberkoelte","2","2","2"
"1329","stilleties","1","0","0"
"1330","stilletjes","1","0","0"
"1331","stillies","1","0","0"
"1332","stilte","1","0","0"
"1333","stiltes","1","0","0"
"1334","stiltetjes","1","0","0"
"1335","stilties","1","0","0"
"1336","stiltjes","1","0","0"
"1337","storm","4","10","26.7999992"
"1338","storm weer","4","9","22.6000004"
"1339","stormachtig","4","8","19"
"1340","stormachtige koelte","4","8","19"
"1341","stormbuien","4","9","22.6000004"
"1342","stormvlagen","4","9","22.6000004"
"1343","stormweder","4","9","22.6000004"
"1344","stormweer","4","9","22.6000004"
"1345","stormwind","4","9","22.6000004"
"1346","straffe bramzeilskoelte","2","3","4.5999999"
"1347","stroum","8",NA,NA
"1348","swaare stormbuy","4","9","22.6000004"
"1349","swaer storm","4","10","26.7999992"
"1350","swaere stormbuij","4","9","22.6000004"
"1351","sware storm","4","10","26.7999992"
"1352","t waaide nog stijf","2","4","6.69999981"
"1353","tamelijk bramzeilskoelte","2","3","4.5999999"
"1354","tamelijke bramzeilskoelte","2","3","4.5999999"
"1355","tamelijke flauwe koelte","1","1","1"
"1356","tamelijke frisse leizeilskoelte","2","3","4.9000001"
"1357","tamelijke koelte","2","3","4.5999999"
"1358","tamelijke koelte ongestadig","2","2","2.5999999"
"1359","tamelijke leizeilskoelte","2","3","4.5999999"
"1360","tamelijke ligt buijige koelte","2","3","4.5999999"
"1361","tamelijke passaatkoelte","2","4","6.69999981"
"1362","tamelijke topzeilskoelte","2","4","6.69999981"
"1363","tijff topzeilskoelte","2","4","7.30000019"
"1364","toenemende","8",NA,NA
"1365","toenemende bramzeilskoelte","2","3","4.9000001"
"1366","toenemende koelte","2","2","2.9000001"
"1367","topzeilskoelte","2","4","6.69999981"
"1368","toupkoelte","2","4","6.69999981"
"1369","toupkoulte","2","4","6.69999981"
"1370","travaat","3","7","15.3999996"
"1371","travaatluchtje","3","7","15.3999996"
"1372","travadige koelten","3","7","15.3999996"
"1373","travadige marszeilskoelte","2","4","6.69999981"
"1374","travados","3","7","15.3999996"
"1375","travatig","3","7","15.3999996"
"1376","travatig stijve koelte","2","4","6.69999981"
"1377","travatige lucht","3","7","15.3999996"
"1378","twee reven in de marszeils","3","6","12.3000002"
"1379","uit- en inlopend","8",NA,NA
"1380","uit- en inlopende gemene bramzeilskoelte","2","3","4.5999999"
"1381","uit- en inlopende wind","8",NA,NA
"1382","uiteenlopende stijve gereefde marszeilskoelte","3","6","12.3000002"
"1383","uitlopende koelte","8",NA,NA
"1384","uitlopende wind","8",NA,NA
"1385","uitschietende gereefde marszeilskoelte","3","5","10"
"1386","uitschietende wind","8",NA,NA
"1387","uitschot van wind","8",NA,NA
"1388","vaiabele koelte","8",NA,NA
"1389","valse koelte","8",NA,NA
"1390","valwinden","8",NA,NA
"1391","valwindjes","8",NA,NA
"1392","variabel","1","1","1"
"1393","variabel bramzeilskoelte","2","3","4.5999999"
"1394","variabel koelte","2","2","2.5999999"
"1395","variabel labber","2","2","2.5999999"
"1396","variabel labberkoelte","2","2","2.5999999"
"1397","variabel luchtje","2","2","2.5999999"
"1398","variabel marszeilskoelte","2","4","6.69999981"
"1399","variabel omlopende winden","8",NA,NA
"1400","variabel ongestadige koelte","2","2","2.5999999"
"1401","variabel still","1","0","0"
"1402","variabel stormachtig","4","8","19"
"1403","variabel weer","8",NA,NA
"1404","variabel wind","8",NA,NA
"1405","variabel zuchtje","8",NA,NA
"1406","variabele","8",NA,NA
"1407","variabele bramzeilskoelte","2","3","4.5999999"
"1408","variabele coelte","2","2","2.5999999"
"1409","variabele flauwe koelte","2","2","2.5999999"
"1410","variabele flauwe koelten","2","2","2.5999999"
"1411","variabele frisse bramzeilskoelte","2","3","4.5999999"
"1412","variabele gereefde marszeilskoelte","3","5","10"
"1413","variabele koelte","1","1","1"
"1414","variabele koelten","1","1","1"
"1415","variabele labbere koelte","2","2","2.5999999"
"1416","variabele labberen","2","2","2.5999999"
"1417","variabele labberkoelte","2","2","2.5999999"
"1418","variabele lichte koelte","2","2","2.5999999"
"1419","variabele luchjes","2","2","2.5999999"
"1420","variabele luchten","2","2","2.5999999"
"1421","variabele luchtjes","8",NA,NA
"1422","variabele marszeilskoelte","2","4","6.69999981"
"1423","variabele onegale koelte","8",NA,NA
"1424","variabele ongestadige koelte","2","2","2.5999999"
"1425","variabele stijve bramzeilskoelte","2","4","6.69999981"
"1426","variabele stiltes","1","1","1"
"1427","variabele wind","8",NA,NA
"1428","variable","8",NA,NA
"1429","variable lucht","8",NA,NA
"1430","varieerende flauwe koelten","1","1","1"
"1431","varierend","8",NA,NA
"1432","varierende bramzeilskoelte","2","3","4.5999999"
"1433","varierende flauwe koelte","1","1","1"
"1434","varierende koelte","2","2","2.5999999"
"1435","varierende koeltes","2","2","2.5999999"
"1436","varierende wind","8",NA,NA
"1437","varierende zuchtjes","1","1","1"
"1438","vaste bramzeilskoelte","2","3","4.5999999"
"1439","veranderlijk","8",NA,NA
"1440","veranderlijke koelte","2","2","2.5999999"
"1441","veranderlijke wind","8",NA,NA
"1442","verdrietige onaangename stilte","1","0","0"
"1443","verflauwende bramzeilskoelte","2","3","4"
"1444","verflauwende koelte","8",NA,NA
"1445","verheffende wind","8",NA,NA
"1446","verloop","8",NA,NA
"1447","verminderende bramzeilskoelte","2","3","4.5999999"
"1448","vervalen winden","8",NA,NA
"1449","vlagen","8",NA,NA
"1450","vliegend stormweder","4","9","27.3999996"
"1451","vliegend stormweer","4","9","27.3999996"
"1452","vliegend verloop van de wind","8",NA,NA
"1453","vliegend verloop van storm","4","10","27.3999996"
"1454","vliegende orkaan","4","12","35"
"1455","vliegende storm","4","10","27.3999996"
"1456","vliegende stormbuien","4","9","23.5"
"1457","vliegende stormweder","4","9","23.5"
"1458","vliegende stormweer","4","9","23.5"
"1459","vliegende stormwind","4","9","23.5"
"1460","vliegende wind","4","9","22.6000004"
"1461","volhandige kouwe","8",NA,NA
"1462","volkomen stilte","1","0","0"
"1463","voordelig wintje","8",NA,NA
"1464","voordelige frisse koelte","3","5","9.30000019"
"1465","vreselijke storm","4","10","27.3999996"
"1466","vrieze bramzeilskoelte","2","3","4.5999999"
"1467","vrieze koelte","3","5","9.30000019"
"1468","vrij gestadige lichte koelte","2","3","4.5999999"
"1469","waaid een halve storm","4","9","21.7000008"
"1470","waaid heel hard","3","7","15.3999996"
"1471","waaid heel sterk","3","7","15.3999996"
"1472","waaid sterk","3","7","15.3999996"
"1473","waaide firment","3","7","15.3999996"
"1474","waaide hard","3","7","15.3999996"
"1475","waaide hart","3","7","15.3999996"
"1476","waaide heel hard","3","7","15.3999996"
"1477","waaide heel hart","3","7","15.3999996"
"1478","waaide heel sterk","3","7","15.3999996"
"1479","waaide nog hard","3","7","15.3999996"
"1480","waaide nog sterk","3","7","15.3999996"
"1481","waaide sterk","3","7","15.3999996"
"1482","waaide stijf (3de rif in de marszeilen)","3","7","15.3999996"
"1483","waaide vreselijke hard","3","7","15.3999996"
"1484","waaide zeer hart","3","7","15.3999996"
"1485","waaide zeer sterk","3","7","15.3999996"
"1486","waaijde hard","3","7","15.3999996"
"1487","waaijde hart","3","7","15.3999996"
"1488","waait hard","3","7","15.3999996"
"1489","waajde sterk","3","7","15.3999996"
"1490","waarde hard","3","7","15.3999996"
"1491","wakkerend","8",NA,NA
"1492","wakkerende koelte","8",NA,NA
"1493","wat afnemende","8",NA,NA
"1494","wat afnemende koelte","8",NA,NA
"1495","weinig","1","1","1"
"1496","weinig aangenomen","8",NA,NA
"1497","weinig aanwakkerend zuchtje","2","2","2.5999999"
"1498","weinig aanwakkerende koelte","2","2","2.5999999"
"1499","weinig afnemende","8",NA,NA
"1500","weinig afnemende flauwe bramzeilskoelte","2","3","4"
"1501","weinig afnemende koelte","8",NA,NA
"1502","weinig afnemende stijve bramzeilskoelte","2","4","6.0999999"
"1503","weinig koelte","1","1","1"
"1504","weinig meerdere koelte","8",NA,NA
"1505","weinig of geen wind","1","1","1"
"1506","weinig ongestadige koelte","2","2","2"
"1507","weinig wind","1","1","1"
"1508","weinige koelte","1","1","1"
"1509","wind aannemende","8",NA,NA
"1510","wind buien","8",NA,NA
"1511","wind fel aannemende","8",NA,NA
"1512","wind nam aan","8",NA,NA
"1513","wind neemt af","8",NA,NA
"1514","wind stilt wat","8",NA,NA
"1515","wind vlagen","8",NA,NA
"1516","windbuien","8",NA,NA
"1517","windstil","1","0","0"
"1518","wintje","8",NA,NA
"1519","wisselende koelte","8",NA,NA
"1520","woeij zeer hart","4","8","19"
"1521","zacht aanwakkerende koelte","2","2","2.9000001"
"1522","zachte koelte","2","2","2.5999999"
"1523","zeemanskoelte","8",NA,NA
"1524","zeer felle storm","4","10","27.3999996"
"1525","zeer flaauw","1","1","0.600000024"
"1526","zeer flauw","1","1","0.600000024"
"1527","zeer flauw rondtrekkend koeltje","1","1","0.600000024"
"1528","zeer flauwe","1","1","0.600000024"
"1529","zeer flauwe koelte","1","1","0.600000024"
"1530","zeer flauwe zuchtjes","1","1","0.600000024"
"1531","zeer geringe koelten","1","1","0.600000024"
"1532","zeer gestadige koelte","2","2","2.5999999"
"1533","zeer harde felle wind","3","7","15.3999996"
"1534","zeer harde wind","3","7","15.3999996"
"1535","zeer harde winden","3","7","15.3999996"
"1536","zeer nadelige wind","8",NA,NA
"1537","zeer onegale bramzeilskoelte","2","3","4.5999999"
"1538","zeer onegale koelte","2","2","2.5999999"
"1539","zeer onegale stijve koelte","3","6","12.3000002"
"1540","zeer ongelijk van wind","8",NA,NA
"1541","zeer ongelijke bramzeilskoelte","2","3","4.5999999"
"1542","zeer ongelijke koelte","2","2","2.5999999"
"1543","zeer ongelijke koelten","2","2","2.5999999"
"1544","zeer ongelijke marszeilskoelte","2","4","6.69999981"
"1545","zeer ongelijke onderzeilskoelte","4","8","19"
"1546","zeer ongestadig","8",NA,NA
"1547","zeer ongestadig bramzeilskoelte","2","3","4.5999999"
"1548","zeer ongestadig iets afnemend","2","2","2"
"1549","zeer ongestadig koelte","2","2","2.5999999"
"1550","zeer ongestadig van wind","8",NA,NA
"1551","zeer ongestadige","8",NA,NA
"1552","zeer ongestadige bramzeilskoelte","2","3","4.5999999"
"1553","zeer ongestadige buien","8",NA,NA
"1554","zeer ongestadige dichtgereefde marszeilskoelte","3","7","15.3999996"
"1555","zeer ongestadige dubbelgereefde onderzeilskoelte","4","10","26.7999992"
"1556","zeer ongestadige flauwe bramzeilskoelte","2","3","4.9000001"
"1557","zeer ongestadige gereefde marszeilskoelte","3","5","9.30000019"
"1558","zeer ongestadige koelte","2","2","2.5999999"
"1559","zeer ongestadige koelten","2","2","2.5999999"
"1560","zeer ongestadige koeltens","2","2","2.5999999"
"1561","zeer ongestadige koeltes","2","2","2.5999999"
"1562","zeer ongestadige marszeilskoelte","2","4","6.69999981"
"1563","zeer ongestadige stijve bramzeilskoelte","2","4","6.69999981"
"1564","zeer ongestadige stijve gereefde marszeilskoelte","3","6","12.3000002"
"1565","zeer ongestadige stijve koelte","3","6","12.3000002"
"1566","zeer sterk te waien","3","6","12.3000002"
"1567","zeer sterke koelte","3","6","12.3000002"
"1568","zeer sterke wind","3","6","12.3000002"
"1569","zeer sterke zeebries","8",NA,NA
"1570","zeer stijf aannemende","8",NA,NA
"1571","zeer stijve gereefde marszeilskoelte","3","6","13.1000004"
"1572","zeer stijve koelte","2","4","7.30000019"
"1573","zeer stil","1","0","0"
"1574","zeer stil weder","1","0","0"
"1575","zeer toenemende koelte","8",NA,NA
"1576","zeer variabel","1","1","1"
"1577","zeer variabele koelte","8",NA,NA
"1578","zeer weinig koelte","1","1","1"
"1579","zeer weinig vertier","1","1","0.600000024"
"1580","zetten alles bij","1","1","1"
"1581","zuchje","1","1","1"
"1582","zucht","1","1","1"
"1583","zuchtje","1","1","1"
"1584","zuchtjes","1","1","1"
"1585","zuggie","1","1","1"
"1586","zugje","1","1","1"
"1587","zugjes","1","1","1"
"1588","zugtje","1","1","1"
"1589","zwaar stormen","4","10","26.7999992"
"1590","zwaar stormweer","4","10","26.7999992"
"1591","zwaar waaien","3","7","15.3999996"
"1592","zwakjes","1","1","1"
"1593","zware koude","8",NA,NA
"1594","zware marszeilskoelte","3","5","10"
"1595","zware onderzeilsbuien","4","9","23.5"
"1596","zware onderzijlsbuien","4","9","23.5"
"1597","zware rukwinden","4","8","19"
"1598","zware storm","4","10","26.7999992"
"1599","zware storm kwam tot bedaren","4","10","25.5"
"1600","zware stormbuien","4","9","22.6000004"
"1601","zware stormwind","4","9","22.6000004"
"1602","zware travaat","4","8","19"
"1603","zware vlagen","4","8","19"
"1604","zware wind","4","8","19"
"1605","zware windbuien","4","8","19"
"1606","zware windvlagen","4","8","19"
